Tumor_expression	Normal_expression	Frequency	Epitopes
Tumor_expression	1	2	3.46410161513775	5.1436867236104
Normal_expression	0.5	1	3.66284150148471	5.3835632709553
Frequency	0.288675134594813	0.273012086270907	1	1.68179283050743
Epitopes	0.194413084181396	0.185750579991336	0.594603557501361	1
